tour,event_name,course_name,event_id,date_start,date_end,last_updated,current_round,tz_offset,dg_id,player_num,player_name,am,pre_tourn_pageviews,country,dg_rank,owgr_rank,tour_rank,r1_course_code,r1_course_name,r1_course_num,r1_round_num,r1_start_hole,r1_teetime,r1_wave,r2_course_code,r2_course_name,r2_course_num,r2_round_num,r2_start_hole,r2_teetime,r2_wave,r3_course_code,r3_course_name,r3_course_num,r3_round_num,r3_start_hole,r3_teetime,r3_wave,r4_course_code,r4_course_name,r4_course_num,r4_round_num,r4_start_hole,r4_teetime,r4_wave
pga,Cognizant Classic,PGA National Resort (The Champion Course),10,2026-02-26,2026-03-01,2026-02-23 00:54:40 UTC,1,-18000,19846,48001,"Bauchou, Zach",0,0,USA,195.0,178.0,70,,,,,,,,,,,,,,,,,,,,,,,,,,,,
pga,Cognizant Classic,PGA National Resort (The Champion Course),10,2026-02-26,2026-03-01,2026-02-23 00:54:40 UTC,1,-18000,17606,40026,"Berger, Daniel",0,0,USA,73.0,60.0,45,,,,,,,,,,,,,,,,,,,,,,,,,,,,
pga,Cognizant Classic,PGA National Resort (The Champion Course),10,2026-02-26,2026-03-01,2026-02-23 00:54:40 UTC,1,-18000,18103,45522,"Bezuidenhout, Christiaan",0,0,RSA,45.0,89.0,96,,,,,,,,,,,,,,,,,,,,,,,,,,,,
pga,Cognizant Classic,PGA National Resort (The Champion Course),10,2026-02-26,2026-03-01,2026-02-23 00:54:40 UTC,1,-18000,24956,54788,"Blanchet, Chandler",0,0,USA,148.0,137.0,,,,,,,,,,,,,,,,,,,,,,,,,,,,,
pga,Cognizant Classic,PGA National Resort (The Champion Course),10,2026-02-26,2026-03-01,2026-02-23 00:54:40 UTC,1,-18000,29197,61522,"Brennan, Michael",0,0,USA,103.0,39.0,123,,,,,,,,,,,,,,,,,,,,,,,,,,,,
pga,Cognizant Classic,PGA National Resort (The Champion Course),10,2026-02-26,2026-03-01,2026-02-23 00:54:40 UTC,1,-18000,29433,60004,"Bridgeman, Jacob",0,0,USA,46.0,52.0,1,,,,,,,,,,,,,,,,,,,,,,,,,,,,
pga,Cognizant Classic,PGA National Resort (The Champion Course),10,2026-02-26,2026-03-01,2026-02-23 00:54:40 UTC,1,-18000,32152,66417,"Brown, Blades",0,0,USA,248.0,332.0,,,,,,,,,,,,,,,,,,,,,,,,,,,,,
pga,Cognizant Classic,PGA National Resort (The Champion Course),10,2026-02-26,2026-03-01,2026-02-23 00:54:40 UTC,1,-18000,20766,57259,"Brown, Dan",0,0,ENG,113.0,76.0,77,,,,,,,,,,,,,,,,,,,,,,,,,,,,
pga,Cognizant Classic,PGA National Resort (The Champion Course),10,2026-02-26,2026-03-01,2026-02-23 00:54:40 UTC,1,-18000,12909,32070,"Campos, Rafael",0,0,PUR,,423.0,T132,,,,,,,,,,,,,,,,,,,,,,,,,,,,
pga,Cognizant Classic,PGA National Resort (The Champion Course),10,2026-02-26,2026-03-01,2026-02-23 00:54:40 UTC,1,-18000,27819,59440,"Castillo, Ricky",0,0,USA,109.0,159.0,102,,,,,,,,,,,,,,,,,,,,,,,,,,,,
pga,Cognizant Classic,PGA National Resort (The Champion Course),10,2026-02-26,2026-03-01,2026-02-23 00:54:40 UTC,1,-18000,30620,59006,"Chatfield, Davis",0,0,USA,263.0,234.0,152,,,,,,,,,,,,,,,,,,,,,,,,,,,,
pga,Cognizant Classic,PGA National Resort (The Champion Course),10,2026-02-26,2026-03-01,2026-02-23 00:54:40 UTC,1,-18000,32330,66743,"Clanton, Luke",0,0,USA,235.0,207.0,,,,,,,,,,,,,,,,,,,,,,,,,,,,,
pga,Cognizant Classic,PGA National Resort (The Champion Course),10,2026-02-26,2026-03-01,2026-02-23 00:54:40 UTC,1,-18000,21756,47591,"Cole, Eric",0,0,USA,119.0,117.0,85,,,,,,,,,,,,,,,,,,,,,,,,,,,,
pga,Cognizant Classic,PGA National Resort (The Champion Course),10,2026-02-26,2026-03-01,2026-02-23 00:54:40 UTC,1,-18000,14509,34076,"Dahmen, Joel",0,0,USA,131.0,180.0,56,,,,,,,,,,,,,,,,,,,,,,,,,,,,
pga,Cognizant Classic,PGA National Resort (The Champion Course),10,2026-02-26,2026-03-01,2026-02-23 00:54:40 UTC,1,-18000,17786,45157,"Davis, Cam",0,0,AUS,431.0,158.0,149,,,,,,,,,,,,,,,,,,,,,,,,,,,,
pga,Cognizant Classic,PGA National Resort (The Champion Course),10,2026-02-26,2026-03-01,2026-02-23 00:54:40 UTC,1,-18000,16757,37338,"Dou, Zecheng",0,0,CHN,122.0,185.0,68,,,,,,,,,,,,,,,,,,,,,,,,,,,,
pga,Cognizant Classic,PGA National Resort (The Champion Course),10,2026-02-26,2026-03-01,2026-02-23 00:54:40 UTC,1,-18000,22002,50497,"Dumont De Chassart, Adrien",0,0,BEL,133.0,161.0,105,,,,,,,,,,,,,,,,,,,,,,,,,,,,
pga,Cognizant Classic,PGA National Resort (The Champion Course),10,2026-02-26,2026-03-01,2026-02-23 00:54:40 UTC,1,-18000,28270,59866,"Dunlap, Nick",0,0,USA,372.0,197.0,151,,,,,,,,,,,,,,,,,,,,,,,,,,,,
pga,Cognizant Classic,PGA National Resort (The Champion Course),10,2026-02-26,2026-03-01,2026-02-23 00:54:40 UTC,1,-18000,22833,51349,"Echavarria, Nico",0,0,COL,89.0,58.0,46,,,,,,,,,,,,,,,,,,,,,,,,,,,,
pga,Cognizant Classic,PGA National Resort (The Champion Course),10,2026-02-26,2026-03-01,2026-02-23 00:54:40 UTC,1,-18000,26653,57362,"Eckroat, Austin",0,0,USA,141.0,150.0,T140,,,,,,,,,,,,,,,,,,,,,,,,,,,,
pga,Cognizant Classic,PGA National Resort (The Champion Course),10,2026-02-26,2026-03-01,2026-02-23 00:54:40 UTC,1,-18000,21883,50286,"Ewart, A.J.",0,0,CAN,299.0,363.0,99,,,,,,,,,,,,,,,,,,,,,,,,,,,,
pga,Cognizant Classic,PGA National Resort (The Champion Course),10,2026-02-26,2026-03-01,2026-02-23 00:54:40 UTC,1,-18000,25094,54576,"Fishburn, Patrick",0,0,USA,180.0,147.0,,,,,,,,,,,,,,,,,,,,,,,,,,,,,
pga,Cognizant Classic,PGA National Resort (The Champion Course),10,2026-02-26,2026-03-01,2026-02-23 00:54:40 UTC,1,-18000,26657,57123,"Fisk, Steven",0,0,USA,154.0,120.0,T137,,,,,,,,,,,,,,,,,,,,,,,,,,,,
pga,Cognizant Classic,PGA National Resort (The Champion Course),10,2026-02-26,2026-03-01,2026-02-23 00:54:40 UTC,1,-18000,31343,65256,"Ford, David",0,0,USA,210.0,317.0,80,,,,,,,,,,,,,,,,,,,,,,,,,,,,
pga,Cognizant Classic,PGA National Resort (The Champion Course),10,2026-02-26,2026-03-01,2026-02-23 00:54:40 UTC,1,-18000,11451,29535,"Garnett, Brice",0,0,USA,247.0,337.0,116,,,,,,,,,,,,,,,,,,,,,,,,,,,,
pga,Cognizant Classic,PGA National Resort (The Champion Course),10,2026-02-26,2026-03-01,2026-02-23 00:54:40 UTC,1,-18000,29767,59018,"Gerard, Ryan",0,0,USA,33.0,25.0,7,,,,,,,,,,,,,,,,,,,,,,,,,,,,
pga,Cognizant Classic,PGA National Resort (The Champion Course),10,2026-02-26,2026-03-01,2026-02-23 00:54:40 UTC,1,-18000,24550,52375,"Ghim, Doug",0,0,USA,124.0,165.0,130,,,,,,,,,,,,,,,,,,,,,,,,,,,,
pga,Cognizant Classic,PGA National Resort (The Champion Course),10,2026-02-26,2026-03-01,2026-02-23 00:54:40 UTC,1,-18000,24968,54591,"Griffin, Ben",0,0,USA,9.0,11.0,47,,,,,,,,,,,,,,,,,,,,,,,,,,,,
pga,Cognizant Classic,PGA National Resort (The Champion Course),10,2026-02-26,2026-03-01,2026-02-23 00:54:40 UTC,1,-18000,12808,31646,"Grillo, Emiliano",0,0,ARG,116.0,109.0,115,,,,,,,,,,,,,,,,,,,,,,,,,,,,
pga,Cognizant Classic,PGA National Resort (The Champion Course),10,2026-02-26,2026-03-01,2026-02-23 00:54:40 UTC,1,-18000,9166,25444,"Hicks, Justin",0,0,USA,,,,,,,,,,,,,,,,,,,,,,,,,,,,,,,
pga,Cognizant Classic,PGA National Resort (The Champion Course),10,2026-02-26,2026-03-01,2026-02-23 00:54:40 UTC,1,-18000,24342,54421,"Higgo, Garrick",0,0,RSA,82.0,74.0,T137,,,,,,,,,,,,,,,,,,,,,,,,,,,,
pga,Cognizant Classic,PGA National Resort (The Champion Course),10,2026-02-26,2026-03-01,2026-02-23 00:54:40 UTC,1,-18000,28469,60067,"Highsmith, Joe",0,0,USA,440.0,126.0,122,,,,,,,,,,,,,,,,,,,,,,,,,,,,
pga,Cognizant Classic,PGA National Resort (The Champion Course),10,2026-02-26,2026-03-01,2026-02-23 00:54:40 UTC,1,-18000,20954,49120,"Hirata, Kensei",0,0,JPN,300.0,167.0,103,,,,,,,,,,,,,,,,,,,,,,,,,,,,
pga,Cognizant Classic,PGA National Resort (The Champion Course),10,2026-02-26,2026-03-01,2026-02-23 00:54:40 UTC,1,-18000,25157,54628,"Hodges, Lee",0,0,USA,128.0,131.0,62,,,,,,,,,,,,,,,,,,,,,,,,,,,,
pga,Cognizant Classic,PGA National Resort (The Champion Course),10,2026-02-26,2026-03-01,2026-02-23 00:54:40 UTC,1,-18000,23504,51696,"Hoey, Rico",0,0,PHI,95.0,72.0,91,,,,,,,,,,,,,,,,,,,,,,,,,,,,
pga,Cognizant Classic,PGA National Resort (The Champion Course),10,2026-02-26,2026-03-01,2026-02-23 00:54:40 UTC,1,-18000,5768,12716,"Hoffman, Charley",0,0,USA,329.0,318.0,,,,,,,,,,,,,,,,,,,,,,,,,,,,,
pga,Cognizant Classic,PGA National Resort (The Champion Course),10,2026-02-26,2026-03-01,2026-02-23 00:54:40 UTC,1,-18000,23602,52453,"Hojgaard, Nicolai",0,0,DEN,42.0,53.0,41,,,,,,,,,,,,,,,,,,,,,,,,,,,,
pga,Cognizant Classic,PGA National Resort (The Champion Course),10,2026-02-26,2026-03-01,2026-02-23 00:54:40 UTC,1,-18000,23838,52686,"Hojgaard, Rasmus",0,0,DEN,34.0,44.0,75,,,,,,,,,,,,,,,,,,,,,,,,,,,,
pga,Cognizant Classic,PGA National Resort (The Champion Course),10,2026-02-26,2026-03-01,2026-02-23 00:54:40 UTC,1,-18000,17538,39977,"Homa, Max",0,0,USA,108.0,148.0,93,,,,,,,,,,,,,,,,,,,,,,,,,,,,
pga,Cognizant Classic,PGA National Resort (The Champion Course),10,2026-02-26,2026-03-01,2026-02-23 00:54:40 UTC,1,-18000,11276,29420,"Horschel, Billy",0,0,USA,129.0,78.0,101,,,,,,,,,,,,,,,,,,,,,,,,,,,,
pga,Cognizant Classic,PGA National Resort (The Champion Course),10,2026-02-26,2026-03-01,2026-02-23 00:54:40 UTC,1,-18000,15470,35461,"Hossler, Beau",0,0,USA,160.0,152.0,,,,,,,,,,,,,,,,,,,,,,,,,,,,,
pga,Cognizant Classic,PGA National Resort (The Champion Course),10,2026-02-26,2026-03-01,2026-02-23 00:54:40 UTC,1,-18000,16333,36801,"Hubbard, Mark",0,0,USA,193.0,133.0,146,,,,,,,,,,,,,,,,,,,,,,,,,,,,
pga,Cognizant Classic,PGA National Resort (The Champion Course),10,2026-02-26,2026-03-01,2026-02-23 00:54:40 UTC,1,-18000,15556,35506,"Hughes, Mackenzie",0,0,CAN,112.0,103.0,84,,,,,,,,,,,,,,,,,,,,,,,,,,,,
pga,Cognizant Classic,PGA National Resort (The Champion Course),10,2026-02-26,2026-03-01,2026-02-23 00:54:40 UTC,1,-18000,16394,36799,"Jaeger, Stephan",0,0,GER,114.0,102.0,49,,,,,,,,,,,,,,,,,,,,,,,,,,,,
pga,Cognizant Classic,PGA National Resort (The Champion Course),10,2026-02-26,2026-03-01,2026-02-23 00:54:40 UTC,1,-18000,19729,47917,"Kanaya, Takumi",0,0,JPN,117.0,124.0,111,,,,,,,,,,,,,,,,,,,,,,,,,,,,
pga,Cognizant Classic,PGA National Resort (The Champion Course),10,2026-02-26,2026-03-01,2026-02-23 00:54:40 UTC,1,-18000,21889,47393,"Kang, Jeffrey",0,0,USA,320.0,218.0,,,,,,,,,,,,,,,,,,,,,,,,,,,,,
pga,Cognizant Classic,PGA National Resort (The Champion Course),10,2026-02-26,2026-03-01,2026-02-23 00:54:40 UTC,1,-18000,32457,63454,"Keefer, Johnny",0,0,USA,80.0,61.0,89,,,,,,,,,,,,,,,,,,,,,,,,,,,,
pga,Cognizant Classic,PGA National Resort (The Champion Course),10,2026-02-26,2026-03-01,2026-02-23 00:54:40 UTC,1,-18000,21688,50188,"Kim, S.H.",0,0,KOR,140.0,149.0,54,,,,,,,,,,,,,,,,,,,,,,,,,,,,
pga,Cognizant Classic,PGA National Resort (The Champion Course),10,2026-02-26,2026-03-01,2026-02-23 00:54:40 UTC,1,-18000,24766,55182,"Kim, Tom",0,0,KOR,125.0,118.0,74,,,,,,,,,,,,,,,,,,,,,,,,,,,,
pga,Cognizant Classic,PGA National Resort (The Champion Course),10,2026-02-26,2026-03-01,2026-02-23 00:54:40 UTC,1,-18000,12423,30926,"Kirk, Chris",0,0,USA,83.0,93.0,128,,,,,,,,,,,,,,,,,,,,,,,,,,,,
pga,Cognizant Classic,PGA National Resort (The Champion Course),10,2026-02-26,2026-03-01,2026-02-23 00:54:40 UTC,1,-18000,13470,32757,"Kizzire, Patton",0,0,USA,227.0,247.0,107,,,,,,,,,,,,,,,,,,,,,,,,,,,,
pga,Cognizant Classic,PGA National Resort (The Champion Course),10,2026-02-26,2026-03-01,2026-02-23 00:54:40 UTC,1,-18000,16243,36689,"Koepka, Brooks",0,0,USA,158.0,257.0,148,,,,,,,,,,,,,,,,,,,,,,,,,,,,
pga,Cognizant Classic,PGA National Resort (The Champion Course),10,2026-02-26,2026-03-01,2026-02-23 00:54:40 UTC,1,-18000,6169,23108,"Kuchar, Matt",0,0,USA,92.0,140.0,T132,,,,,,,,,,,,,,,,,,,,,,,,,,,,
pga,Cognizant Classic,PGA National Resort (The Champion Course),10,2026-02-26,2026-03-01,2026-02-23 00:54:40 UTC,1,-18000,24343,54422,"Lamprecht, Christo",0,0,RSA,276.0,172.0,T135,,,,,,,,,,,,,,,,,,,,,,,,,,,,
pga,Cognizant Classic,PGA National Resort (The Champion Course),10,2026-02-26,2026-03-01,2026-02-23 00:54:40 UTC,1,-18000,21943,49766,"Lebioda, Hank",0,0,USA,242.0,212.0,T154,,,,,,,,,,,,,,,,,,,,,,,,,,,,
pga,Cognizant Classic,PGA National Resort (The Champion Course),10,2026-02-26,2026-03-01,2026-02-23 00:54:40 UTC,1,-18000,13497,32791,"Lee, K.H.",0,0,KOR,439.0,484.0,,,,,,,,,,,,,,,,,,,,,,,,,,,,,
pga,Cognizant Classic,PGA National Resort (The Champion Course),10,2026-02-26,2026-03-01,2026-02-23 00:54:40 UTC,1,-18000,15310,35296,"Li, Haotong",0,0,CHN,78.0,70.0,48,,,,,,,,,,,,,,,,,,,,,,,,,,,,
pga,Cognizant Classic,PGA National Resort (The Champion Course),10,2026-02-26,2026-03-01,2026-02-23 00:54:40 UTC,1,-18000,15980,36326,"Lipsky, David",0,0,USA,152.0,145.0,87,,,,,,,,,,,,,,,,,,,,,,,,,,,,
pga,Cognizant Classic,PGA National Resort (The Champion Course),10,2026-02-26,2026-03-01,2026-02-23 00:54:40 UTC,1,-18000,17723,40162,"Lower, Justin",0,0,USA,250.0,175.0,T113,,,,,,,,,,,,,,,,,,,,,,,,,,,,
pga,Cognizant Classic,PGA National Resort (The Champion Course),10,2026-02-26,2026-03-01,2026-02-23 00:54:40 UTC,1,-18000,13900,33204,"Lowry, Shane",0,0,IRL,24.0,29.0,32,,,,,,,,,,,,,,,,,,,,,,,,,,,,
pga,Cognizant Classic,PGA National Resort (The Champion Course),10,2026-02-26,2026-03-01,2026-02-23 00:54:40 UTC,1,-18000,14926,34466,"Malnati, Peter",0,0,USA,408.0,,,,,,,,,,,,,,,,,,,,,,,,,,,,,,
pga,Cognizant Classic,PGA National Resort (The Champion Course),10,2026-02-26,2026-03-01,2026-02-23 00:54:40 UTC,1,-18000,23505,51950,"McGreevy, Max",0,0,USA,52.0,67.0,61,,,,,,,,,,,,,,,,,,,,,,,,,,,,
pga,Cognizant Classic,PGA National Resort (The Champion Course),10,2026-02-26,2026-03-01,2026-02-23 00:54:40 UTC,1,-18000,28159,59143,"Meissner, Mac",0,0,USA,65.0,105.0,73,,,,,,,,,,,,,,,,,,,,,,,,,,,,
pga,Cognizant Classic,PGA National Resort (The Champion Course),10,2026-02-26,2026-03-01,2026-02-23 00:54:40 UTC,1,-18000,17365,39546,"Mitchell, Keith",0,0,USA,67.0,125.0,58,,,,,,,,,,,,,,,,,,,,,,,,,,,,
pga,Cognizant Classic,PGA National Resort (The Champion Course),10,2026-02-26,2026-03-01,2026-02-23 00:54:40 UTC,1,-18000,21944,49947,"Moore, Taylor",0,0,USA,175.0,186.0,124,,,,,,,,,,,,,,,,,,,,,,,,,,,,
pga,Cognizant Classic,PGA National Resort (The Champion Course),10,2026-02-26,2026-03-01,2026-02-23 00:54:40 UTC,1,-18000,29770,63121,"Mouw, William",0,0,USA,199.0,135.0,T156,,,,,,,,,,,,,,,,,,,,,,,,,,,,
pga,Cognizant Classic,PGA National Resort (The Champion Course),10,2026-02-26,2026-03-01,2026-02-23 00:54:40 UTC,1,-18000,21074,49228,"Nakajima, Keita",0,0,JPN,189.0,111.0,143,,,,,,,,,,,,,,,,,,,,,,,,,,,,
pga,Cognizant Classic,PGA National Resort (The Champion Course),10,2026-02-26,2026-03-01,2026-02-23 00:54:40 UTC,1,-18000,23841,52689,"Neergaard-Petersen, Rasmus",0,0,DEN,59.0,57.0,118,,,,,,,,,,,,,,,,,,,,,,,,,,,,
pga,Cognizant Classic,PGA National Resort (The Champion Course),10,2026-02-26,2026-03-01,2026-02-23 00:54:40 UTC,1,-18000,25475,55851,"Nyholm, Pontus",0,0,SWE,420.0,282.0,,,,,,,,,,,,,,,,,,,,,,,,,,,,,
pga,Cognizant Classic,PGA National Resort (The Champion Course),10,2026-02-26,2026-03-01,2026-02-23 00:54:40 UTC,1,-18000,13412,33968,"Olesen, Thorbjorn",0,0,DEN,55.0,97.0,,,,,,,,,,,,,,,,,,,,,,,,,,,,,
pga,Cognizant Classic,PGA National Resort (The Champion Course),10,2026-02-26,2026-03-01,2026-02-23 00:54:40 UTC,1,-18000,13764,28723,"Parry, John",0,0,ENG,58.0,83.0,65,,,,,,,,,,,,,,,,,,,,,,,,,,,,
pga,Cognizant Classic,PGA National Resort (The Champion Course),10,2026-02-26,2026-03-01,2026-02-23 00:54:40 UTC,1,-18000,19960,48153,"Pavon, Matthieu",0,0,FRA,258.0,270.0,95,,,,,,,,,,,,,,,,,,,,,,,,,,,,
pga,Cognizant Classic,PGA National Resort (The Champion Course),10,2026-02-26,2026-03-01,2026-02-23 00:54:40 UTC,1,-18000,27164,57900,"Phillips, Chandler",0,0,USA,153.0,156.0,92,,,,,,,,,,,,,,,,,,,,,,,,,,,,
pga,Cognizant Classic,PGA National Resort (The Champion Course),10,2026-02-26,2026-03-01,2026-02-23 00:54:40 UTC,1,-18000,10104,28252,"Power, Seamus",0,0,IRL,76.0,151.0,63,,,,,,,,,,,,,,,,,,,,,,,,,,,,
pga,Cognizant Classic,PGA National Resort (The Champion Course),10,2026-02-26,2026-03-01,2026-02-23 00:54:40 UTC,1,-18000,14704,34256,"Putnam, Andrew",0,0,USA,134.0,114.0,33,,,,,,,,,,,,,,,,,,,,,,,,,,,,
pga,Cognizant Classic,PGA National Resort (The Champion Course),10,2026-02-26,2026-03-01,2026-02-23 00:54:40 UTC,1,-18000,18554,46414,"Rai, Aaron",0,0,ENG,66.0,30.0,97,,,,,,,,,,,,,,,,,,,,,,,,,,,,
pga,Cognizant Classic,PGA National Resort (The Champion Course),10,2026-02-26,2026-03-01,2026-02-23 00:54:40 UTC,1,-18000,19840,47983,"Ramey, Chad",0,0,USA,127.0,155.0,90,,,,,,,,,,,,,,,,,,,,,,,,,,,,
pga,Cognizant Classic,PGA National Resort (The Champion Course),10,2026-02-26,2026-03-01,2026-02-23 00:54:40 UTC,1,-18000,21407,49855,"Reitan, Kristoffer",0,0,NOR,70.0,40.0,106,,,,,,,,,,,,,,,,,,,,,,,,,,,,
pga,Cognizant Classic,PGA National Resort (The Champion Course),10,2026-02-26,2026-03-01,2026-02-23 00:54:40 UTC,1,-18000,19872,47995,"Riley, Davis",0,0,USA,274.0,101.0,59,,,,,,,,,,,,,,,,,,,,,,,,,,,,
pga,Cognizant Classic,PGA National Resort (The Champion Course),10,2026-02-26,2026-03-01,2026-02-23 00:54:40 UTC,1,-18000,16283,36699,"Rodgers, Patrick",0,0,USA,75.0,88.0,23,,,,,,,,,,,,,,,,,,,,,,,,,,,,
pga,Cognizant Classic,PGA National Resort (The Champion Course),10,2026-02-26,2026-03-01,2026-02-23 00:54:40 UTC,1,-18000,18424,39335,"Roy, Kevin",0,0,USA,106.0,134.0,53,,,,,,,,,,,,,,,,,,,,,,,,,,,,
pga,Cognizant Classic,PGA National Resort (The Champion Course),10,2026-02-26,2026-03-01,2026-02-23 00:54:40 UTC,1,-18000,16591,37076,"Rozo, Marcelo",0,0,COL,402.0,467.0,153,,,,,,,,,,,,,,,,,,,,,,,,,,,,
pga,Cognizant Classic,PGA National Resort (The Champion Course),10,2026-02-26,2026-03-01,2026-02-23 00:54:40 UTC,1,-18000,16715,37275,"Ryder, Sam",0,0,USA,162.0,210.0,108,,,,,,,,,,,,,,,,,,,,,,,,,,,,
pga,Cognizant Classic,PGA National Resort (The Champion Course),10,2026-02-26,2026-03-01,2026-02-23 00:54:40 UTC,1,-18000,14792,34371,"Saddier, Adrien",0,0,FRA,164.0,84.0,139,,,,,,,,,,,,,,,,,,,,,,,,,,,,
pga,Cognizant Classic,PGA National Resort (The Champion Course),10,2026-02-26,2026-03-01,2026-02-23 00:54:40 UTC,1,-18000,27183,56781,"Salinda, Isaiah",0,0,USA,241.0,227.0,T113,,,,,,,,,,,,,,,,,,,,,,,,,,,,
pga,Cognizant Classic,PGA National Resort (The Champion Course),10,2026-02-26,2026-03-01,2026-02-23 00:54:40 UTC,1,-18000,30814,64442,"Sargent, Gordon",0,0,USA,,,,,,,,,,,,,,,,,,,,,,,,,,,,,,,
pga,Cognizant Classic,PGA National Resort (The Champion Course),10,2026-02-26,2026-03-01,2026-02-23 00:54:40 UTC,1,-18000,19477,47347,"Schenk, Adam",0,0,USA,396.0,136.0,79,,,,,,,,,,,,,,,,,,,,,,,,,,,,
pga,Cognizant Classic,PGA National Resort (The Champion Course),10,2026-02-26,2026-03-01,2026-02-23 00:54:40 UTC,1,-18000,20722,48867,"Schmid, Matti",0,0,GER,179.0,99.0,112,,,,,,,,,,,,,,,,,,,,,,,,,,,,
pga,Cognizant Classic,PGA National Resort (The Champion Course),10,2026-02-26,2026-03-01,2026-02-23 00:54:40 UTC,1,-18000,6430,24502,"Scott, Adam",0,0,AUS,48.0,71.0,18,,,,,,,,,,,,,,,,,,,,,,,,,,,,
pga,Cognizant Classic,PGA National Resort (The Champion Course),10,2026-02-26,2026-03-01,2026-02-23 00:54:40 UTC,1,-18000,32055,63807,"Shipley, Neal",0,0,USA,221.0,121.0,T154,,,,,,,,,,,,,,,,,,,,,,,,,,,,
pga,Cognizant Classic,PGA National Resort (The Champion Course),10,2026-02-26,2026-03-01,2026-02-23 00:54:40 UTC,1,-18000,11049,29221,"Simpson, Webb",0,0,USA,187.0,469.0,150,,,,,,,,,,,,,,,,,,,,,,,,,,,,
pga,Cognizant Classic,PGA National Resort (The Champion Course),10,2026-02-26,2026-03-01,2026-02-23 00:54:40 UTC,1,-18000,18474,46340,"Smalley, Alex",0,0,USA,81.0,119.0,60,,,,,,,,,,,,,,,,,,,,,,,,,,,,
pga,Cognizant Classic,PGA National Resort (The Champion Course),10,2026-02-26,2026-03-01,2026-02-23 00:54:40 UTC,1,-18000,18586,46464,"Smith, Jordan",0,0,ENG,77.0,91.0,64,,,,,,,,,,,,,,,,,,,,,,,,,,,,
pga,Cognizant Classic,PGA National Resort (The Champion Course),10,2026-02-26,2026-03-01,2026-02-23 00:54:40 UTC,1,-18000,22985,50095,"Smotherman, Austin",0,0,USA,183.0,128.0,67,,,,,,,,,,,,,,,,,,,,,,,,,,,,
pga,Cognizant Classic,PGA National Resort (The Champion Course),10,2026-02-26,2026-03-01,2026-02-23 00:54:40 UTC,1,-18000,23048,51600,"Stanger, Jimmy",0,0,USA,,,,,,,,,,,,,,,,,,,,,,,,,,,,,,,
pga,Cognizant Classic,PGA National Resort (The Champion Course),10,2026-02-26,2026-03-01,2026-02-23 00:54:40 UTC,1,-18000,8480,27214,"Streelman, Kevin",0,0,USA,429.0,498.0,,,,,,,,,,,,,,,,,,,,,,,,,,,,,
pga,Cognizant Classic,PGA National Resort (The Champion Course),10,2026-02-26,2026-03-01,2026-02-23 00:54:40 UTC,1,-18000,13997,40115,"Svensson, Adam",0,0,CAN,217.0,335.0,T125,,,,,,,,,,,,,,,,,,,,,,,,,,,,
pga,Cognizant Classic,PGA National Resort (The Champion Course),10,2026-02-26,2026-03-01,2026-02-23 00:54:40 UTC,1,-18000,26850,57586,"Svensson, Jesper",0,0,SWE,173.0,160.0,,,,,,,,,,,,,,,,,,,,,,,,,,,,,
pga,Cognizant Classic,PGA National Resort (The Champion Course),10,2026-02-26,2026-03-01,2026-02-23 00:54:40 UTC,1,-18000,27364,58168,"Thompson, Davis",0,0,USA,85.0,116.0,121,,,,,,,,,,,,,,,,,,,,,,,,,,,,
pga,Cognizant Classic,PGA National Resort (The Champion Course),10,2026-02-26,2026-03-01,2026-02-23 00:54:40 UTC,1,-18000,26649,57364,"Thorbjornsen, Michael",0,0,USA,68.0,48.0,37,,,,,,,,,,,,,,,,,,,,,,,,,,,,
pga,Cognizant Classic,PGA National Resort (The Champion Course),10,2026-02-26,2026-03-01,2026-02-23 00:54:40 UTC,1,-18000,12425,30927,"Todd, Brendon",0,0,USA,,,,,,,,,,,,,,,,,,,,,,,,,,,,,,,
pga,Cognizant Classic,PGA National Resort (The Champion Course),10,2026-02-26,2026-03-01,2026-02-23 00:54:40 UTC,1,-18000,17032,38991,"Tosti, Alejandro",0,0,ARG,428.0,286.0,,,,,,,,,,,,,,,,,,,,,,,,,,,,,
pga,Cognizant Classic,PGA National Resort (The Champion Course),10,2026-02-26,2026-03-01,2026-02-23 00:54:40 UTC,1,-18000,23816,52666,"Valimaki, Sami",0,0,FIN,63.0,47.0,83,,,,,,,,,,,,,,,,,,,,,,,,,,,,
pga,Cognizant Classic,PGA National Resort (The Champion Course),10,2026-02-26,2026-03-01,2026-02-23 00:54:40 UTC,1,-18000,17550,40006,"Van Rooyen, Erik",0,0,RSA,267.0,139.0,,,,,,,,,,,,,,,,,,,,,,,,,,,,,
pga,Cognizant Classic,PGA National Resort (The Champion Course),10,2026-02-26,2026-03-01,2026-02-23 00:54:40 UTC,1,-18000,25319,55573,"VanDerLaan, John",0,0,USA,215.0,254.0,120,,,,,,,,,,,,,,,,,,,,,,,,,,,,
pga,Cognizant Classic,PGA National Resort (The Champion Course),10,2026-02-26,2026-03-01,2026-02-23 00:54:40 UTC,1,-18000,15651,35658,"Ventura, Kris",0,0,NOR,105.0,209.0,104,,,,,,,,,,,,,,,,,,,,,,,,,,,,
pga,Cognizant Classic,PGA National Resort (The Champion Course),10,2026-02-26,2026-03-01,2026-02-23 00:54:40 UTC,1,-18000,24304,54304,"Vilips, Karl",0,0,AUS,213.0,141.0,81,,,,,,,,,,,,,,,,,,,,,,,,,,,,
pga,Cognizant Classic,PGA National Resort (The Champion Course),10,2026-02-26,2026-03-01,2026-02-23 00:54:40 UTC,1,-18000,9171,27770,"Villegas, Camilo",0,0,COL,369.0,444.0,,,,,,,,,,,,,,,,,,,,,,,,,,,,,
pga,Cognizant Classic,PGA National Resort (The Champion Course),10,2026-02-26,2026-03-01,2026-02-23 00:54:40 UTC,1,-18000,25003,54607,"Walker, Danny",0,0,USA,342.0,217.0,119,,,,,,,,,,,,,,,,,,,,,,,,,,,,
pga,Cognizant Classic,PGA National Resort (The Champion Course),10,2026-02-26,2026-03-01,2026-02-23 00:54:40 UTC,1,-18000,20706,48887,"Wallace, Matt",0,0,ENG,110.0,90.0,,,,,,,,,,,,,,,,,,,,,,,,,,,,,
pga,Cognizant Classic,PGA National Resort (The Champion Course),10,2026-02-26,2026-03-01,2026-02-23 00:54:40 UTC,1,-18000,12426,31113,"Waring, Paul",0,0,ENG,411.0,261.0,,,,,,,,,,,,,,,,,,,,,,,,,,,,,
pga,Cognizant Classic,PGA National Resort (The Champion Course),10,2026-02-26,2026-03-01,2026-02-23 00:54:40 UTC,1,-18000,25908,51894,"Whaley, Vince",0,0,USA,101.0,115.0,T125,,,,,,,,,,,,,,,,,,,,,,,,,,,,
pga,Cognizant Classic,PGA National Resort (The Champion Course),10,2026-02-26,2026-03-01,2026-02-23 00:54:40 UTC,1,-18000,12920,32139,"Willett, Danny",0,0,ENG,,371.0,,,,,,,,,,,,,,,,,,,,,,,,,,,,,
pga,Cognizant Classic,PGA National Resort (The Champion Course),10,2026-02-26,2026-03-01,2026-02-23 00:54:40 UTC,1,-18000,22051,49964,"Wise, Aaron",0,0,USA,,,,,,,,,,,,,,,,,,,,,,,,,,,,,,,
pga,Cognizant Classic,PGA National Resort (The Champion Course),10,2026-02-26,2026-03-01,2026-02-23 00:54:40 UTC,1,-18000,12577,31323,"Woodland, Gary",0,0,USA,143.0,142.0,145,,,,,,,,,,,,,,,,,,,,,,,,,,,,
pga,Cognizant Classic,PGA National Resort (The Champion Course),10,2026-02-26,2026-03-01,2026-02-23 00:54:40 UTC,1,-18000,25002,54783,"Wu, Dylan",0,0,USA,150.0,350.0,109,,,,,,,,,,,,,,,,,,,,,,,,,,,,
pga,Cognizant Classic,PGA National Resort (The Champion Course),10,2026-02-26,2026-03-01,2026-02-23 00:54:40 UTC,1,-18000,29925,60386,"Yellamaraju, Sudarshan",0,0,CAN,232.0,226.0,78,,,,,,,,,,,,,,,,,,,,,,,,,,,,
pga,Cognizant Classic,PGA National Resort (The Champion Course),10,2026-02-26,2026-03-01,2026-02-23 00:54:40 UTC,1,-18000,17881,45242,"Yu, Kevin",0,0,TPE,111.0,104.0,147,,,,,,,,,,,,,,,,,,,,,,,,,,,,
pga,Cognizant Classic,PGA National Resort (The Champion Course),10,2026-02-26,2026-03-01,2026-02-23 00:54:40 UTC,1,-18000,19428,47483,"Zalatoris, Will",0,0,USA,87.0,240.0,98,,,,,,,,,,,,,,,,,,,,,,,,,,,,
